probe,gallery,geometric_mm,overlap
Ваня1,Ваня2,6.296953,0.478462
Ваня1,Ваня3,10.917715,0.086537
Ваня1,Влада1,7.495676,0.206297
Ваня1,Влада2,7.855805,0.233147
Ваня1,Влада3,12.605448,0.176743
Ваня1,Дима1,4.879053,0.288777
Ваня1,Дима2,17.212167,0.125169
Ваня1,Олег1,5.093792,0.316593
Ваня1,Олег2,10.206479,0.169983
Ваня1,Олег3,12.195764,0.227545
Ваня1,Сережа1,9.483752,0.185436
Ваня1,Сережа2,10.858484,0.124010
Ваня1,Сережа3,4.330589,0.352907
Ваня2,Ваня1,4.714545,0.490247
Ваня2,Ваня3,9.874741,0.126684
Ваня2,Влада1,7.698233,0.239895
Ваня2,Влада2,9.142645,0.213754
Ваня2,Влада3,14.060310,0.097929
Ваня2,Дима1,12.410648,0.117635
Ваня2,Дима2,12.455143,0.161472
Ваня2,Олег1,20.570659,0.152825
Ваня2,Олег2,7.726133,0.280314
Ваня2,Олег3,21.274145,0.033782
Ваня2,Сережа1,27.902133,0.037000
Ваня2,Сережа2,9.606782,0.186407
Ваня2,Сережа3,10.554736,0.292982
Ваня3,Ваня1,6.404285,0.197114
Ваня3,Ваня2,6.416390,0.292855
Ваня3,Влада1,6.660081,0.288631
Ваня3,Влада2,6.877030,0.244632
Ваня3,Влада3,3.483535,0.561774
Ваня3,Дима1,8.283572,0.238296
Ваня3,Дима2,8.919212,0.286167
Ваня3,Олег1,4.566655,0.542767
Ваня3,Олег2,13.263517,0.106301
Ваня3,Олег3,2.527168,0.725097
Ваня3,Сережа1,10.763147,0.061950
Ваня3,Сережа2,5.497383,0.369940
Ваня3,Сережа3,8.459697,0.262584
Влада1,Ваня1,6.991494,0.227013
Влада1,Ваня2,10.123485,0.271081
Влада1,Ваня3,11.902952,0.084088
Влада1,Влада2,10.669242,0.158885
Влада1,Влада3,9.320577,0.475465
Влада1,Дима1,7.528239,0.214150
Влада1,Дима2,14.360491,0.149119
Влада1,Олег1,4.804700,0.406384
Влада1,Олег2,18.893919,0.171987
Влада1,Олег3,11.348232,0.312530
Влада1,Сережа1,12.217897,0.126727
Влада1,Сережа2,15.312261,0.215817
Влада1,Сережа3,9.324979,0.192473
Влада2,Ваня1,4.488443,0.328273
Влада2,Ваня2,3.894572,0.486311
Влада2,Ваня3,6.447909,0.206018
Влада2,Влада1,14.514044,0.158851
Влада2,Влада3,5.244246,0.335321
Влада2,Дима1,6.185549,0.240987
Влада2,Дима2,3.793764,0.448089
Влада2,Олег1,6.933739,0.408783
Влада2,Олег2,2.231841,0.674166
Влада2,Олег3,2.982346,0.552995
Влада2,Сережа1,5.086113,0.458119
Влада2,Сережа2,3.228918,0.590133
Влада2,Сережа3,6.297523,0.287070
Влада3,Ваня1,4.747443,0.383522
Влада3,Ваня2,4.198330,0.350619
Влада3,Ваня3,4.077321,0.474862
Влада3,Влада1,1.819106,0.727560
Влада3,Влада2,5.253015,0.478547
Влада3,Дима1,8.480013,0.285601
Влада3,Дима2,11.641496,0.176362
Влада3,Олег1,2.867597,0.598315
Влада3,Олег2,10.089964,0.263227
Влада3,Олег3,2.458506,0.646223
Влада3,Сережа1,7.087923,0.222164
Влада3,Сережа2,8.023905,0.234272
Влада3,Сережа3,23.769666,0.041063
Дима1,Ваня1,3.784006,0.369540
Дима1,Ваня2,7.316011,0.338056
Дима1,Ваня3,13.456668,0.081464
Дима1,Влада1,4.357511,0.366785
Дима1,Влада2,5.758881,0.269579
Дима1,Влада3,8.430460,0.114915
Дима1,Дима2,6.437650,0.325856
Дима1,Олег1,2.592019,0.574970
Дима1,Олег2,5.954800,0.245573
Дима1,Олег3,5.990889,0.258166
Дима1,Сережа1,8.891708,0.153089
Дима1,Сережа2,11.424276,0.210941
Дима1,Сережа3,3.133580,0.535616
Дима2,Ваня1,6.063769,0.228030
Дима2,Ваня2,6.337922,0.349232
Дима2,Ваня3,12.038548,0.206468
Дима2,Влада1,5.010872,0.295655
Дима2,Влада2,9.837123,0.262006
Дима2,Влада3,6.701857,0.206795
Дима2,Дима1,8.787944,0.234237
Дима2,Олег1,11.127766,0.218556
Дима2,Олег2,2.618682,0.600131
Дима2,Олег3,5.630430,0.406403
Дима2,Сережа1,3.808577,0.459000
Дима2,Сережа2,2.918321,0.517151
Дима2,Сережа3,8.355824,0.256452
Олег1,Ваня1,4.337443,0.401001
Олег1,Ваня2,7.018692,0.283298
Олег1,Ваня3,10.035960,0.080295
Олег1,Влада1,3.029373,0.565642
Олег1,Влада2,8.197507,0.198952
Олег1,Влада3,14.188994,0.098642
Олег1,Дима1,5.130716,0.348344
Олег1,Дима2,10.896411,0.201573
Олег1,Олег2,8.790822,0.373362
Олег1,Олег3,2.896254,0.681916
Олег1,Сережа1,9.075454,0.141291
Олег1,Сережа2,12.822527,0.119133
Олег1,Сережа3,5.296131,0.348582
Олег2,Ваня1,8.606189,0.239252
Олег2,Ваня2,5.219161,0.293873
Олег2,Ваня3,13.330660,0.085981
Олег2,Влада1,7.989479,0.190031
Олег2,Влада2,10.119404,0.204569
Олег2,Влада3,7.206157,0.231360
Олег2,Дима1,10.147628,0.206438
Олег2,Дима2,3.159524,0.500104
Олег2,Олег1,6.632108,0.518588
Олег2,Олег3,4.448562,0.626376
Олег2,Сережа1,4.079477,0.476428
Олег2,Сережа2,2.889669,0.554309
Олег2,Сережа3,9.034695,0.169055
Олег3,Ваня1,4.339672,0.423481
Олег3,Ваня2,4.190301,0.348895
Олег3,Ваня3,7.909404,0.156077
Олег3,Влада1,3.307906,0.542818
Олег3,Влада2,5.115433,0.347514
Олег3,Влада3,3.133136,0.535912
Олег3,Дима1,7.020025,0.256630
Олег3,Дима2,5.695479,0.358011
Олег3,Олег1,1.436353,0.767956
Олег3,Олег2,2.033845,0.725967
Олег3,Сережа1,5.462604,0.404696
Олег3,Сережа2,6.901644,0.209945
Олег3,Сережа3,7.193911,0.236464
Сережа1,Ваня1,22.587110,0.041458
Сережа1,Ваня2,15.411113,0.094989
Сережа1,Ваня3,23.219915,0.035763
Сережа1,Влада1,15.215437,0.083144
Сережа1,Влада2,43.841781,0.090433
Сережа1,Влада3,22.175296,0.111617
Сережа1,Дима1,43.314278,0.032346
Сережа1,Дима2,9.419577,0.254670
Сережа1,Олег1,24.904859,0.030068
Сережа1,Олег2,29.233947,0.023462
Сережа1,Олег3,25.566570,0.025057
Сережа1,Сережа2,2.407834,0.702506
Сережа1,Сережа3,5.144677,0.508656
Сережа2,Ваня1,11.354115,0.130292
Сережа2,Ваня2,10.370480,0.152634
Сережа2,Ваня3,23.922574,0.025165
Сережа2,Влада1,12.382363,0.111242
Сережа2,Влада2,16.012378,0.115710
Сережа2,Влада3,12.898895,0.078786
Сережа2,Дима1,39.895415,0.069849
Сережа2,Дима2,5.391083,0.389934
Сережа2,Олег1,36.924580,0.056444
Сережа2,Олег2,10.930715,0.287394
Сережа2,Олег3,19.448333,0.071025
Сережа2,Сережа1,1.853446,0.731421
Сережа2,Сережа3,6.789679,0.479069
Сережа3,Ваня1,17.147024,0.111111
Сережа3,Ваня2,15.556141,0.116649
Сережа3,Ваня3,29.321293,0.049839
Сережа3,Влада1,16.791839,0.101643
Сережа3,Влада2,22.122628,0.015720
Сережа3,Влада3,28.755743,0.051804
Сережа3,Дима1,29.471545,0.086102
Сережа3,Дима2,18.671034,0.140229
Сережа3,Олег1,24.126545,0.050196
Сережа3,Олег2,20.276548,0.061808
Сережа3,Олег3,35.194356,0.088424
Сережа3,Сережа1,8.972242,0.432476
Сережа3,Сережа2,14.599004,0.208825
