scan_a,scan_b,person_a,person_b,genuine,geometric_mm,shared_cm2,reliable,topological_mm,overlap,radial_fraction,topology_error,error
Ваня1,Ваня2,Ваня,Ваня,True,1.4113323503246633,118.76788944015024,True,2.5687667726638246,0.4818722943722944,0.06188888888888889,,
Ваня1,Ваня3,Ваня,Ваня,True,0.8649759626498124,68.4357649654234,False,1.7940403934190767,0.34604978354978355,0.0085,,
Ваня1,Влада1,Ваня,Влада,False,1.9608560332830853,137.85663039490566,True,3.7675139858801425,0.599025974025974,0.07133333333333333,,
Ваня1,Влада2,Ваня,Влада,False,1.9934732104345851,82.1954498399588,False,4.288062130972917,0.3403679653679654,0.026111111111111113,,
Ваня1,Влада3,Ваня,Влада,False,1.7311796319513175,110.96060299113779,True,2.012061990866451,0.5075757575757576,0.017833333333333333,,
Ваня1,Дима1,Ваня,Дима,False,1.8980173307682962,106.71272251316557,True,2.772285233741821,0.4420995670995671,0.013777777777777778,,
Ваня1,Дима2,Ваня,Дима,False,2.0582501429141233,86.22604266008075,False,9.599803620021675,0.358495670995671,0.051611111111111115,,
Ваня1,Олег1,Ваня,Олег,False,1.6441445018955534,140.14916240010726,True,1.9927455753806487,0.6593614718614719,0.034277777777777775,,
Ваня1,Олег2,Ваня,Олег,False,2.0518582808070787,108.33026775037885,True,13.32680143423394,0.43722943722943725,0.023166666666666665,,
Ваня1,Олег3,Ваня,Олег,False,1.4744304406578113,121.3443638169075,True,18.621425268196262,0.5803571428571429,0.021722222222222223,,
Ваня1,Сережа1,Ваня,Сережа,False,1.9240936717212467,77.22980862684346,False,10.516361486191148,0.3068181818181818,0.016777777777777777,,
Ваня1,Сережа2,Ваня,Сережа,False,1.935771860407729,76.11723795572021,False,8.201004028869079,0.32846320346320346,0.041055555555555553,,
Ваня1,Сережа3,Ваня,Сережа,False,1.763357977849613,97.15568821657496,False,2.6883232239576813,0.4364177489177489,0.0475,,
Ваня2,Ваня3,Ваня,Ваня,True,1.5477507400346628,69.59709028697975,False,9.887586937211157,0.2228801015013745,0.012277777777777778,,
Ваня2,Влада1,Ваня,Влада,False,1.6120732542670928,92.70168455075596,False,2.4593744480291377,0.27849439627828293,0.07261111111111111,,
Ваня2,Влада2,Ваня,Влада,False,2.011394134911984,100.82802621977322,True,2.8291369009442136,0.2662296468598012,0.08938888888888889,,
Ваня2,Влада3,Ваня,Влада,False,2.1686525030989303,91.93891606430591,False,5.816721348132743,0.22626348065130047,0.04961111111111111,,
Ваня2,Дима1,Ваня,Дима,False,1.6798202473149764,81.468964155489,False,6.70428270455363,0.22710932543878198,0.018333333333333333,,
Ваня2,Дима2,Ваня,Дима,False,1.8814345039974185,102.72753586708137,True,4.186885600656481,0.2901247621061535,0.08433333333333333,,
Ваня2,Олег1,Ваня,Олег,False,2.174261262562071,112.75802557406087,True,2.4602268981518236,0.2738422499471347,0.025444444444444443,,
Ваня2,Олег2,Ваня,Олег,False,2.185582684864116,122.12476299092265,True,6.244431642041178,0.332205540283358,0.05305555555555556,,
Ваня2,Олег3,Ваня,Олег,False,2.107140957449714,122.27305777526104,True,35.25359930132092,0.32353563121167267,0.035,,
Ваня2,Сережа1,Ваня,Сережа,False,1.938000027372416,71.69459318805995,False,10.108997539029906,0.20427151617678155,0.018111111111111113,,
Ваня2,Сережа2,Ваня,Сережа,False,2.009782724726634,107.57336470786899,True,15.317571715294243,0.2797631634595052,0.10894444444444444,,
Ваня2,Сережа3,Ваня,Сережа,False,2.1150992527952397,80.03556715037854,False,4.759869996022871,0.21759357157961515,0.05738888888888889,,
Ваня3,Влада1,Ваня,Влада,False,2.133749554762071,57.84963893549451,False,7.866110347674493,0.39453302961275627,0.052222222222222225,,
Ваня3,Влада2,Ваня,Влада,False,1.6430826786185493,57.24866586683394,False,3.4895340155826986,0.47289293849658315,0.07155555555555555,,
Ваня3,Влада3,Ваня,Влада,False,1.3141360958384074,69.2481591198654,False,2.162935403970865,0.5886104783599089,0.017666666666666667,,
Ваня3,Дима1,Ваня,Дима,False,2.015866737575897,55.614314424029125,False,2.64034716251871,0.38997722095671983,0.021,,
Ваня3,Дима2,Ваня,Дима,False,1.7893976890539562,66.7716013573056,False,14.246600843846984,0.5234624145785877,0.05555555555555555,,
Ваня3,Олег1,Ваня,Олег,False,1.114194289947109,66.95031128105148,False,4.081533398416372,0.558997722095672,0.035222222222222224,,
Ваня3,Олег2,Ваня,Олег,False,1.6547609790256232,59.91729706381592,False,12.097932719964742,0.483371298405467,0.02261111111111111,,
Ваня3,Олег3,Ваня,Олег,False,1.1005734957563502,81.26680135185438,False,4.5570066956772735,0.7111617312072893,0.028944444444444443,,
Ваня3,Сережа1,Ваня,Сережа,False,1.8880240172408569,55.462374735297715,False,10.8277675146661,0.42870159453302964,0.023055555555555555,,
Ваня3,Сережа2,Ваня,Сережа,False,1.724013992176833,62.35920434533058,False,4.0690819817831425,0.48792710706150344,0.04538888888888889,,
Ваня3,Сережа3,Ваня,Сережа,False,1.9582097513516608,50.65475221250101,False,5.4675786796796615,0.37722095671981776,0.03922222222222222,,
Влада1,Влада2,Влада,Влада,True,0.48933762613732235,95.50467762962882,False,2.5070751851971664,0.5297771282426014,0.07977777777777778,,
Влада1,Влада3,Влада,Влада,True,0.5175404408916265,137.65434486531814,True,4.542082568933566,0.8070880526123493,0.05011111111111111,,
Влада1,Дима1,Влада,Дима,False,1.582759380428405,114.23857727024523,True,2.9204402785112773,0.5619291194738765,0.013722222222222222,,
Влада1,Дима2,Влада,Дима,False,2.0590376373083883,91.15781639977726,False,8.826882529472456,0.42309097552064306,0.07105555555555555,,
Влада1,Олег1,Влада,Олег,False,1.832578388908644,166.51148511114047,True,9.945178985445077,0.7796857873584216,0.027944444444444445,,
Влада1,Олег2,Влада,Олег,False,1.9087233900525176,94.16843629214651,False,12.393770584029077,0.4468396054073803,0.04544444444444445,,
Влада1,Олег3,Влада,Олег,False,1.768187255211481,142.20393367596125,True,3.807310485562562,0.6854219948849105,0.03166666666666667,,
Влада1,Сережа1,Влада,Сережа,False,1.5685559516239311,73.20934335548098,False,11.478036442771044,0.3668249908659116,0.013277777777777777,,
Влада1,Сережа2,Влада,Сережа,False,2.1696314132102756,96.44170012408404,False,3.9109968651955853,0.4322250639386189,0.0748888888888889,,
Влада1,Сережа3,Влада,Сережа,False,1.818500596367226,103.9820496411464,True,3.4734065207335902,0.5067592254293022,0.0545,,
Влада2,Влада3,Влада,Влада,True,0.6167449188274081,97.47164150639298,False,2.243108015801095,0.568886337543054,0.042166666666666665,,
Влада2,Дима1,Влада,Дима,False,1.6843584187702212,66.39072744577831,False,11.540942695909198,0.332089552238806,0.016277777777777776,,
Влада2,Дима2,Влада,Дима,False,2.134188216528993,98.5534847247168,False,5.797955476755533,0.4764638346727899,0.058555555555555555,,
Влада2,Олег1,Влада,Олег,False,1.7890941132964588,91.38560071662053,False,1.7858694159809474,0.4830654420206659,0.017,,
Влада2,Олег2,Влада,Олег,False,1.7221474671197692,115.29648852420522,True,10.206361452898896,0.6719288174512055,0.03,,
Влада2,Олег3,Влада,Олег,False,1.9756902116385398,113.48596572989482,True,12.058297523841969,0.5752009184845006,0.033555555555555554,,
Влада2,Сережа1,Влада,Сережа,False,1.531889891965262,85.82145962034053,False,6.56741366549004,0.5129161882893226,0.018666666666666668,,
Влада2,Сережа2,Влада,Сережа,False,1.4982226071255917,108.44014703884096,True,2.9368071590443066,0.6374856486796785,0.06777777777777778,,
Влада2,Сережа3,Влада,Сережа,False,2.1258370066389296,56.82465169494047,False,4.668649821042713,0.31257175660160735,0.04555555555555556,,
Влада3,Дима1,Влада,Дима,False,1.44414429696913,86.31342735562131,False,1.9980136188677022,0.4622841563162678,0.011888888888888888,,
Влада3,Дима2,Влада,Дима,False,1.8834965779418855,80.47314805445924,False,6.806496611661075,0.41987276582853683,0.06305555555555556,,
Влада3,Олег1,Влада,Олег,False,1.8783915592847586,135.6114216761052,True,2.079487405075284,0.6800969403211148,0.035555555555555556,,
Влада3,Олег2,Влада,Олег,False,1.8681231062663493,104.89205958970422,True,7.287907697318161,0.599515298394426,0.04133333333333333,,
Влада3,Олег3,Влада,Олег,False,1.8851909059972733,141.25672458538978,True,3.7345476527543884,0.7270524083611027,0.029388888888888888,,
Влада3,Сережа1,Влада,Сережа,False,1.5390969317205703,69.83948558137031,False,6.805135259154023,0.40957285671008786,0.008777777777777778,,
Влада3,Сережа2,Влада,Сережа,False,1.806541675396187,81.27677252097187,False,9.462740747451168,0.44016964556195093,0.0785,,
Влада3,Сережа3,Влада,Сережа,False,1.7894439978695913,75.82398495805955,False,1.7629985634914576,0.38139957588609513,0.03166666666666667,,
Дима1,Дима2,Дима,Дима,True,2.0072075837457395,95.76496645414272,False,2.866056101886972,0.5121457489878543,0.05266666666666667,,
Дима1,Олег1,Дима,Олег,False,1.925061055793015,110.32121841044344,True,7.416577643987198,0.6082995951417004,0.0235,,
Дима1,Олег2,Дима,Олег,False,1.9259296423560421,72.39856878452233,False,15.253786806962136,0.4230769230769231,0.01361111111111111,,
Дима1,Олег3,Дима,Олег,False,1.9951730768618705,96.46543358205396,False,11.591238379508361,0.520242914979757,0.02588888888888889,,
Дима1,Сережа1,Дима,Сережа,False,1.8967457020808194,55.770542123721356,False,2.381559802727164,0.2925101214574899,0.007277777777777778,,
Дима1,Сережа2,Дима,Сережа,False,2.095689589063946,75.13374594417192,False,3.3643894313299967,0.39220647773279355,0.0345,,
Дима1,Сережа3,Дима,Сережа,False,1.6472171533085622,78.16083690681532,False,2.9785557888932033,0.4665991902834008,0.05594444444444444,,
Дима2,Олег1,Дима,Олег,False,2.0048139983821844,86.11814770045888,False,4.282132237179759,0.37600644122383253,0.020666666666666667,,
Дима2,Олег2,Дима,Олег,False,1.823215358258477,124.0811959493536,True,6.978039188528657,0.5978260869565217,0.02722222222222222,,
Дима2,Олег3,Дима,Олег,False,1.871839190867052,101.2205633283082,True,4.84708781491393,0.48470209339774556,0.017777777777777778,,
Дима2,Сережа1,Дима,Сережа,False,1.9365058381676714,78.30253948379323,False,7.359877417522753,0.3538647342995169,0.016166666666666666,,
Дима2,Сережа2,Дима,Сережа,False,2.044075993889745,123.4985154722639,True,7.023535370814386,0.5434782608695652,0.08216666666666667,,
Дима2,Сережа3,Дима,Сережа,False,1.8555711178990044,73.72518429703777,False,5.361661082912626,0.358695652173913,0.05338888888888889,,
Олег1,Олег2,Олег,Олег,True,0.45251714886601735,116.04728156547213,True,17.708472371333677,0.592836946277097,0.04688888888888889,,
Олег1,Олег3,Олег,Олег,True,0.46639727940500253,177.2574931751114,True,3.4294408788033834,0.8749607288721332,0.03127777777777778,,
Олег1,Сережа1,Олег,Сережа,False,2.0510460377619357,76.61862022050445,False,4.102408757583242,0.2924913603518693,0.016555555555555556,,
Олег1,Сережа2,Олег,Сережа,False,2.2622367437627826,88.72175788717615,False,10.637823481927036,0.32390826264530315,0.07827777777777778,,
Олег1,Сережа3,Олег,Сережа,False,1.6958516760627196,97.9299713045782,False,2.3787922120027503,0.4222431668237512,0.04988888888888889,,
Олег2,Олег3,Олег,Олег,True,0.43223208136504915,150.84497135470684,True,14.999638563159067,0.6444039206747207,0.030333333333333334,,
Олег2,Сережа1,Олег,Сережа,False,1.7620609269645962,99.9034809870463,False,2.6804378079140134,0.39366309550945977,0.025722222222222223,,
Олег2,Сережа2,Олег,Сережа,False,1.7758916042913908,162.33994360957217,True,2.6953986571095783,0.5956234328698428,0.12055555555555555,,
Олег2,Сережа3,Олег,Сережа,False,2.125094572950771,65.83513654478386,False,3.25412548402538,0.21335764759516754,0.05422222222222222,,
Олег3,Сережа1,Олег,Сережа,False,1.7401212352306472,98.2053249214415,False,12.445686372756466,0.39925480080252224,0.022055555555555554,,
Олег3,Сережа2,Олег,Сережа,False,1.6114165470702435,103.32794962131726,True,5.676691602305127,0.411292633992548,0.06855555555555555,,
Олег3,Сережа3,Олег,Сережа,False,1.9678981685129933,68.97291014493332,False,10.998632599462994,0.24906850100315275,0.042333333333333334,,
Сережа1,Сережа2,Сережа,Сережа,True,0.6115234678895805,109.08809258667048,True,0.8100020092261246,0.8416763678696159,0.058333333333333334,,
Сережа1,Сережа3,Сережа,Сережа,True,1.7902371858537802,59.8382256430597,False,6.734349499708941,0.41734575087310827,0.028777777777777777,,
Сережа2,Сережа3,Сережа,Сережа,True,1.9426976602328998,73.72234197002074,False,7.759288277899898,0.28117686392510866,0.04633333333333333,,
