scan_a,scan_b,person_a,person_b,genuine,geometric_mm,shared_cm2,reliable,topological_mm,overlap,radial_fraction,topology_error,error,elapsed_s
Ваня1,Ваня2,Ваня,Ваня,True,1.4113323503246855,118.76788944015024,True,,0.4818722943722944,,,,6.719152916019084
Ваня1,Ваня3,Ваня,Ваня,True,0.8649759626498239,68.4357649654234,False,,0.34604978354978355,,,,6.061325916001806
Ваня1,Влада1,Ваня,Влада,False,1.9608560332831035,137.85663039490566,True,,0.599025974025974,,,,6.275137374992482
Ваня1,Влада2,Ваня,Влада,False,1.9934732104345851,82.1954498399588,False,,0.3403679653679654,,,,6.365038833988365
Ваня1,Влада3,Ваня,Влада,False,1.7311796319513153,110.96060299113779,True,,0.5075757575757576,,,,6.536108750005951
Ваня1,Дима1,Ваня,Дима,False,1.8980173307682915,106.71272251316557,True,,0.4420995670995671,,,,5.513092209002934
Ваня1,Дима2,Ваня,Дима,False,2.058250142914126,86.22604266008075,False,,0.358495670995671,,,,6.064325833984185
Ваня1,Олег1,Ваня,Олег,False,1.6441445018955514,140.14916240010726,True,,0.6593614718614719,,,,6.320672084024409
Ваня1,Олег2,Ваня,Олег,False,2.0518582808070667,108.33026775037885,True,,0.43722943722943725,,,,6.746423165983288
Ваня1,Олег3,Ваня,Олег,False,1.4744304406578128,121.3443638169075,True,,0.5803571428571429,,,,6.286581625026884
Ваня1,Сережа1,Ваня,Сережа,False,1.924093671721245,77.22980862684346,False,,0.3068181818181818,,,,5.297917124989908
Ваня1,Сережа2,Ваня,Сережа,False,1.9357718604077276,76.11723795572021,False,,0.32846320346320346,,,,5.841749292012537
Ваня1,Сережа3,Ваня,Сережа,False,1.7633579778496145,97.15568821657496,False,,0.4364177489177489,,,,5.160128749994328
Ваня2,Ваня3,Ваня,Ваня,True,1.5477507400346586,69.59709028697975,False,,0.2228801015013745,,,,6.178825874987524
Ваня2,Влада1,Ваня,Влада,False,1.6120732542670895,92.70168455075596,False,,0.27849439627828293,,,,6.054832082998473
Ваня2,Влада2,Ваня,Влада,False,2.011394134911954,100.82802621977322,True,,0.2662296468598012,,,,6.326542832975974
Ваня2,Влада3,Ваня,Влада,False,2.168652503098956,91.93891606430591,False,,0.22626348065130047,,,,6.6650817089830525
Ваня2,Дима1,Ваня,Дима,False,1.6798202473149793,81.468964155489,False,,0.22710932543878198,,,,5.734938332985621
Ваня2,Дима2,Ваня,Дима,False,1.8814345039974132,102.72753586708137,True,,0.2901247621061535,,,,6.1889332919963636
Ваня2,Олег1,Ваня,Олег,False,2.1742612625620716,112.75802557406087,True,,0.2738422499471347,,,,6.639583542011678
Ваня2,Олег2,Ваня,Олег,False,2.1855826848641318,122.12476299092265,True,,0.332205540283358,,,,7.665208209014963
Ваня2,Олег3,Ваня,Олег,False,2.107140957449719,122.27305777526104,True,,0.32353563121167267,,,,6.841183499986073
Ваня2,Сережа1,Ваня,Сережа,False,1.938000027372412,71.69459318805995,False,,0.20427151617678155,,,,5.559343540982809
Ваня2,Сережа2,Ваня,Сережа,False,2.0097827247266378,107.57336470786899,True,,0.2797631634595052,,,,6.664521833008621
Ваня2,Сережа3,Ваня,Сережа,False,2.1150992527952392,80.03556715037854,False,,0.21759357157961515,,,,5.367512458004057
Ваня3,Влада1,Ваня,Влада,False,2.133749554762071,57.84963893549451,False,,0.39453302961275627,,,,6.057625416986411
Ваня3,Влада2,Ваня,Влада,False,1.6430826786185457,57.24866586683394,False,,0.47289293849658315,,,,6.168505041016033
Ваня3,Влада3,Ваня,Влада,False,1.3141360958384047,69.2481591198654,False,,0.5886104783599089,,,,6.273616666992893
Ваня3,Дима1,Ваня,Дима,False,2.015866737575899,55.614314424029125,False,,0.38997722095671983,,,,5.40353245800361
Ваня3,Дима2,Ваня,Дима,False,1.7893976890539594,66.7716013573056,False,,0.5234624145785877,,,,5.999104707996594
Ваня3,Олег1,Ваня,Олег,False,1.114194289947105,66.95031128105148,False,,0.558997722095672,,,,6.220416791999014
Ваня3,Олег2,Ваня,Олег,False,1.6547609790256241,59.91729706381592,False,,0.483371298405467,,,,6.399021541990805
Ваня3,Олег3,Ваня,Олег,False,1.1005734957563564,81.26680135185438,False,,0.7111617312072893,,,,6.17799962501158
Ваня3,Сережа1,Ваня,Сережа,False,1.8880240172408391,55.462374735297715,False,,0.42870159453302964,,,,5.474576999986311
Ваня3,Сережа2,Ваня,Сережа,False,1.7240139921768327,62.35920434533058,False,,0.48792710706150344,,,,5.5853578750102315
Ваня3,Сережа3,Ваня,Сережа,False,1.958209751351651,50.65475221250101,False,,0.37722095671981776,,,,5.33341720799217
Влада1,Влада2,Влада,Влада,True,0.489337626137322,95.50467762962882,False,,0.5297771282426014,,,,5.9175097919942345
Влада1,Влада3,Влада,Влада,True,0.5175404408916275,137.65434486531814,True,,0.8070880526123493,,,,5.9755822499864735
Влада1,Дима1,Влада,Дима,False,1.582759380428413,114.23857727024523,True,,0.5619291194738765,,,,5.308454333018744
Влада1,Дима2,Влада,Дима,False,2.059037637308406,91.15781639977726,False,,0.42309097552064306,,,,5.853923874994507
Влада1,Олег1,Влада,Олег,False,1.832578388908651,166.51148511114047,True,,0.7796857873584216,,,,6.29299774998799
Влада1,Олег2,Влада,Олег,False,1.9087233900525034,94.16843629214651,False,,0.4468396054073803,,,,6.657707750011468
Влада1,Олег3,Влада,Олег,False,1.7681872552114541,142.20393367596125,True,,0.6854219948849105,,,,6.321263207995798
Влада1,Сережа1,Влада,Сережа,False,1.5685559516239218,73.20934335548098,False,,0.3668249908659116,,,,5.465548541978933
Влада1,Сережа2,Влада,Сережа,False,2.16963141321028,96.44170012408404,False,,0.4322250639386189,,,,5.755439000000479
Влада1,Сережа3,Влада,Сережа,False,1.818500596367222,103.9820496411464,True,,0.5067592254293022,,,,5.349102708976716
Влада2,Влада3,Влада,Влада,True,0.6167449188274174,97.47164150639298,False,,0.568886337543054,,,,6.478536541981157
Влада2,Дима1,Влада,Дима,False,1.684358418770207,66.39072744577831,False,,0.332089552238806,,,,5.537108999997145
Влада2,Дима2,Влада,Дима,False,2.1341882165289947,98.5534847247168,False,,0.4764638346727899,,,,6.102839458006201
Влада2,Олег1,Влада,Олег,False,1.7890941132964602,91.38560071662053,False,,0.4830654420206659,,,,6.320593666983768
Влада2,Олег2,Влада,Олег,False,1.7221474671197667,115.29648852420522,True,,0.6719288174512055,,,,6.720128084009048
Влада2,Олег3,Влада,Олег,False,1.9756902116385504,113.48596572989482,True,,0.5752009184845006,,,,6.464872957993066
Влада2,Сережа1,Влада,Сережа,False,1.5318898919652648,85.82145962034053,False,,0.5129161882893226,,,,5.643668459000764
Влада2,Сережа2,Влада,Сережа,False,1.4982226071255842,108.44014703884096,True,,0.6374856486796785,,,,5.820885875000386
Влада2,Сережа3,Влада,Сережа,False,2.125837006638928,56.82465169494047,False,,0.31257175660160735,,,,5.622148791997461
Влада3,Дима1,Влада,Дима,False,1.4441442969691316,86.31342735562131,False,,0.4622841563162678,,,,5.74688766701729
Влада3,Дима2,Влада,Дима,False,1.8834965779418695,80.47314805445924,False,,0.41987276582853683,,,,6.220556540996768
Влада3,Олег1,Влада,Олег,False,1.8783915592847582,135.6114216761052,True,,0.6800969403211148,,,,6.665439915988827
Влада3,Олег2,Влада,Олег,False,1.8681231062663488,104.89205958970422,True,,0.599515298394426,,,,7.092953332990874
Влада3,Олег3,Влада,Олег,False,1.8851909059972751,141.25672458538978,True,,0.7270524083611027,,,,6.6567822090000845
Влада3,Сережа1,Влада,Сережа,False,1.5390969317205712,69.83948558137031,False,,0.40957285671008786,,,,5.698553042020649
Влада3,Сережа2,Влада,Сережа,False,1.806541675396173,81.27677252097187,False,,0.44016964556195093,,,,6.095834292005748
Влада3,Сережа3,Влада,Сережа,False,1.7894439978695762,75.82398495805955,False,,0.38139957588609513,,,,5.517354041978251
Дима1,Дима2,Дима,Дима,True,2.0072075837457444,95.76496645414272,False,,0.5121457489878543,,,,5.064732916012872
Дима1,Олег1,Дима,Олег,False,1.925061055793016,110.32121841044344,True,,0.6082995951417004,,,,5.427003416989464
Дима1,Олег2,Дима,Олег,False,1.925929642356044,72.39856878452233,False,,0.4230769230769231,,,,5.9103100420034025
Дима1,Олег3,Дима,Олег,False,1.9951730768618432,96.46543358205396,False,,0.520242914979757,,,,5.416858249984216
Дима1,Сережа1,Дима,Сережа,False,1.8967457020808167,55.770542123721356,False,,0.2925101214574899,,,,4.468197749985848
Дима1,Сережа2,Дима,Сережа,False,2.09568958906394,75.13374594417192,False,,0.39220647773279355,,,,4.939851916977204
Дима1,Сережа3,Дима,Сережа,False,1.6472171533085591,78.16083690681532,False,,0.4665991902834008,,,,4.582442834012909
Дима2,Олег1,Дима,Олег,False,2.004813998382184,86.11814770045888,False,,0.37600644122383253,,,,5.9434056249738205
Дима2,Олег2,Дима,Олег,False,1.8232153582584734,124.0811959493536,True,,0.5978260869565217,,,,6.320621083985316
Дима2,Олег3,Дима,Олег,False,1.8718391908670502,101.2205633283082,True,,0.48470209339774556,,,,5.984685374976834
Дима2,Сережа1,Дима,Сережа,False,1.936505838167672,78.30253948379323,False,,0.3538647342995169,,,,5.119598999997834
Дима2,Сережа2,Дима,Сережа,False,2.044075993889747,123.4985154722639,True,,0.5434782608695652,,,,5.4550582919910084
Дима2,Сережа3,Дима,Сережа,False,1.8555711178990015,73.72518429703777,False,,0.358695652173913,,,,5.019592833996285
Олег1,Олег2,Олег,Олег,True,0.45251714886601846,116.04728156547213,True,,0.592836946277097,,,,6.3097676250035875
Олег1,Олег3,Олег,Олег,True,0.4663972794050013,177.2574931751114,True,,0.8749607288721332,,,,5.78199937500176
Олег1,Сережа1,Олег,Сережа,False,2.0510460377619406,76.61862022050445,False,,0.2924913603518693,,,,5.355933457991341
Олег1,Сережа2,Олег,Сережа,False,2.2622367437627706,88.72175788717615,False,,0.32390826264530315,,,,5.72493291599676
Олег1,Сережа3,Олег,Сережа,False,1.695851676062725,97.9299713045782,False,,0.4222431668237512,,,,5.2038392089889385
Олег2,Олег3,Олег,Олег,True,0.4322320813650472,150.84497135470684,True,,0.6444039206747207,,,,6.010800792020746
Олег2,Сережа1,Олег,Сережа,False,1.7620609269645795,99.9034809870463,False,,0.39366309550945977,,,,5.623260541004129
Олег2,Сережа2,Олег,Сережа,False,1.7758916042914326,162.33994360957217,True,,0.5956234328698428,,,,6.72444558297866
Олег2,Сережа3,Олег,Сережа,False,2.1250945729507684,65.83513654478386,False,,0.21335764759516754,,,,5.5523034170037135
Олег3,Сережа1,Олег,Сережа,False,1.7401212352306414,98.2053249214415,False,,0.39925480080252224,,,,5.400496417016257
Олег3,Сережа2,Олег,Сережа,False,1.6114165470702946,103.32794962131726,True,,0.411292633992548,,,,5.7651911249849945
Олег3,Сережа3,Олег,Сережа,False,1.9678981685129926,68.97291014493332,False,,0.24906850100315275,,,,5.193242999986978
Сережа1,Сережа2,Сережа,Сережа,True,0.61152346788958,109.08809258667048,True,,0.8416763678696159,,,,4.761182999995071
Сережа1,Сережа3,Сережа,Сережа,True,1.7902371858537922,59.8382256430597,False,,0.41734575087310827,,,,4.606725584017113
Сережа2,Сережа3,Сережа,Сережа,True,1.9426976602329058,73.72234197002074,False,,0.28117686392510866,,,,4.733600667008432
