probe,kind,yaw,pitch,gallery,genuine,geometric_mm,shared_cm2,topological_mm,overlap,radial_fraction,topology_error,error
A,simulated,-90.0,0.0,A,True,1.0587949866068977,903.6673007587833,4.617511407573474,0.9779198140615921,0.3581111111111111,,
A,simulated,-90.0,0.0,B,False,2.179639408959713,437.2618908736347,13.685341549507235,0.35488088320743755,0.311,,
A,simulated,-75.0,0.0,A,True,1.0562553969414503,912.4159456222037,8.957384522384807,0.9863013698630136,0.35544444444444445,,
A,simulated,-75.0,0.0,B,False,2.1869187419566725,429.7535842254617,38.4721843170926,0.3560216894977169,0.3008888888888889,,
A,simulated,-60.0,0.0,A,True,1.043103974824576,903.9499795413037,4.257568615622517,0.9845468467214256,0.33405555555555555,,
A,simulated,-60.0,0.0,B,False,2.204185837211635,424.37088172166716,18.451545208206987,0.3355144090213003,0.32961111111111113,,
A,simulated,-45.0,0.0,A,True,1.0632729926238562,945.3076397965146,4.540359248413907,0.9834388043624613,0.3471111111111111,,
A,simulated,-45.0,0.0,B,False,2.1967447565681426,398.35558396494093,28.158711930632435,0.3123737713747139,0.33,,
A,simulated,-30.0,0.0,A,True,1.0454116320308087,839.8410061418253,4.3899605198866,0.9898446833930705,0.30905555555555553,,
A,simulated,-30.0,0.0,B,False,2.1480875766802683,417.4738036819949,28.252847992644064,0.3732078853046595,0.28294444444444444,,
A,simulated,-15.0,0.0,A,True,1.0363942916424425,887.4004539447127,8.017902957304912,0.9900280898876405,0.31233333333333335,,
A,simulated,-15.0,0.0,B,False,2.126215597611308,475.2220656794113,18.540336594306524,0.40941011235955055,0.2872222222222222,,
A,simulated,0.0,0.0,A,True,1.066970214472985,907.2795070410356,6.65745132122651,0.9575990459785345,0.33955555555555555,,
A,simulated,0.0,0.0,B,False,2.089000781303951,520.8502723396911,14.760150135576637,0.460845369020803,0.30416666666666664,,
A,simulated,15.0,0.0,A,True,1.0199887557957559,880.9768946572674,5.35744292869316,0.9908386187455955,0.34805555555555556,,
A,simulated,15.0,0.0,B,False,2.130912928098205,491.4772695692616,11.110532726319235,0.41775898520084565,0.3215,,
A,simulated,30.0,0.0,A,True,1.0029678633074015,844.3088245294902,6.34741082270358,0.960974922513384,0.3498888888888889,,
A,simulated,30.0,0.0,B,False,2.14606027100961,489.05726394431576,9.392806361163345,0.43970132431670894,0.3411111111111111,,
A,simulated,45.0,0.0,A,True,0.9791579822722384,844.8883420093613,6.41169393998436,0.9880883207437536,0.35294444444444445,,
A,simulated,45.0,0.0,B,False,2.1794694318001353,479.8145274744804,12.768771856125227,0.4160371876815805,0.31772222222222224,,
A,simulated,60.0,0.0,A,True,0.9747131127274925,833.4693605891582,3.437089415808643,0.9887173396674585,0.3557222222222222,,
A,simulated,60.0,0.0,B,False,2.2221490413590006,458.2466783373522,15.474376708931855,0.40350356294536815,0.31594444444444447,,
A,simulated,75.0,0.0,A,True,0.9563390308604207,810.7258343082888,5.425663412859329,0.9835680751173709,0.3602222222222222,,
A,simulated,75.0,0.0,B,False,2.113603603702847,458.3995200190015,24.559192289557167,0.42282863849765256,0.33205555555555555,,
A,simulated,90.0,0.0,A,True,0.9453025066062051,818.9565254978056,7.008626278261779,0.9887031878675333,0.36683333333333334,,
A,simulated,90.0,0.0,B,False,2.115937700681806,472.0021064122006,25.83715186232604,0.4422779325286289,0.329,,
A,simulated,-90.0,20.0,A,True,1.056939722892871,936.3800639648972,4.16884986828245,0.9884755652808169,0.3481666666666667,,
A,simulated,-90.0,20.0,B,False,2.2150218636564674,455.65391937607603,13.06143414495785,0.3474835886214442,0.309,,
A,simulated,-75.0,20.0,A,True,1.0456871250950726,936.0812852426589,3.430298309140902,0.9875105248386191,0.35255555555555557,,
A,simulated,-75.0,20.0,B,False,2.1557328726522127,461.33838122577913,10.881317097905104,0.36977266348582655,0.3141111111111111,,
A,simulated,-60.0,20.0,A,True,1.0634171631703373,931.7637618795966,6.366221879018589,0.9868788386376326,0.3416111111111111,,
A,simulated,-60.0,20.0,B,False,2.209906924437049,447.87427127288623,15.943406919591965,0.3361250697934115,0.304,,
A,simulated,-45.0,20.0,A,True,1.0491051535645095,955.6912388268172,9.532938352963527,0.9895465653000272,0.35738888888888887,,
A,simulated,-45.0,20.0,B,False,2.184240259248768,436.328039957618,12.80152195838388,0.32622861797447733,0.31905555555555554,,
A,simulated,-30.0,20.0,A,True,1.0476516123204618,939.0690882046488,6.997791531813789,0.9883106039521291,0.33561111111111114,,
A,simulated,-30.0,20.0,B,False,2.1527788854598544,449.5211087649167,23.26856739023095,0.3701642081825772,0.3226111111111111,,
A,simulated,-15.0,20.0,A,True,1.05323740651589,943.3683475443192,9.462862372890413,0.9753004887069079,0.3401666666666667,,
A,simulated,-15.0,20.0,B,False,2.171172675571512,539.7194249556219,21.87155973447574,0.4206841896711135,0.314,,
A,simulated,0.0,20.0,A,True,1.0493636997457632,894.8568040334312,4.549853622191307,0.9702388896303217,0.33805555555555555,,
A,simulated,0.0,20.0,B,False,2.1494273526691323,528.0967219540901,14.97794954191879,0.45042039236620846,0.3032222222222222,,
A,simulated,15.0,20.0,A,True,1.0001501612537185,880.0258622363615,6.672346381909108,0.9878721058434399,0.34205555555555556,,
A,simulated,15.0,20.0,B,False,2.1432119102728073,519.3604297395702,9.703600052588513,0.44900771775082693,0.15244444444444444,,
A,simulated,30.0,20.0,A,True,0.9905980409300403,905.5659988945079,6.394929338529039,0.9794748767159803,0.35788888888888887,,
A,simulated,30.0,20.0,B,False,2.13986922106601,528.2891512886404,8.706204477192188,0.43555910968945755,0.32405555555555554,,
A,simulated,45.0,20.0,A,True,0.9894724894018485,879.1426143343449,6.57261111037662,0.9867743282750939,0.34094444444444444,,
A,simulated,45.0,20.0,B,False,2.124409199129847,465.63777275371916,14.039008750249153,0.41528609216204926,0.3086111111111111,,
A,simulated,60.0,20.0,A,True,0.9790081596934537,909.8332046994622,5.491555640546608,0.9870372845115596,0.37866666666666665,,
A,simulated,60.0,20.0,B,False,2.166409219541025,479.4582992358843,19.451358453737527,0.39903781905652813,0.3527777777777778,,
A,simulated,75.0,20.0,A,True,0.980968186631643,856.4119667694827,7.4889337414828745,0.9863768115942029,0.37327777777777776,,
A,simulated,75.0,20.0,B,False,2.1214299476136116,466.5589551685704,18.8697295482282,0.4136231884057971,0.3406666666666667,,
A,simulated,90.0,20.0,A,True,0.9535600629248013,844.6667573170247,3.496689673500029,0.9877382183483527,0.37472222222222223,,
A,simulated,90.0,20.0,B,False,2.1469352585895654,481.5004423480165,21.270659603679505,0.4344807209336682,0.3431111111111111,,
B,simulated,-90.0,0.0,A,False,2.200078485357562,370.72294189818496,20.228066584654748,0.39000805801772764,0.32066666666666666,,
B,simulated,-90.0,0.0,B,True,0.8768342928939598,671.2724643813837,5.161441292556816,0.9856970185334408,0.3056111111111111,,
B,simulated,-75.0,0.0,A,False,2.146883031195796,468.7758935198899,13.495304408420907,0.5188534051558291,0.30316666666666664,,
B,simulated,-75.0,0.0,B,True,0.870620503592365,695.5546722859214,4.712888066461431,0.9888418622547134,0.3085,,
B,simulated,-60.0,0.0,A,False,2.1861850374365286,433.17584195784565,11.770499273842667,0.5059335443037974,0.3020555555555556,,
B,simulated,-60.0,0.0,B,True,0.8732062599719064,661.698600925402,4.3667103830996865,0.9875395569620253,0.2937777777777778,,
B,simulated,-45.0,0.0,A,False,2.1782731091093845,442.7455218073286,10.827365964433795,0.4895871392035075,0.30744444444444446,,
B,simulated,-45.0,0.0,B,True,0.8687513497587886,682.7514749574509,11.442890417048922,0.9883083668249909,0.2992222222222222,,
B,simulated,-30.0,0.0,A,False,2.11943098961711,419.0684963658515,15.067374271398336,0.4872183298617686,0.3051111111111111,,
B,simulated,-30.0,0.0,B,True,0.8741920903682148,658.4938562423233,7.663963150295956,0.9914788865745124,0.284,,
B,simulated,-15.0,0.0,A,False,2.214132124445693,486.49622162619073,16.35315761068193,0.45975232198142413,0.31122222222222223,,
B,simulated,-15.0,0.0,B,True,0.9416338966061331,746.3946057500298,14.515668092323779,0.9907120743034056,0.30816666666666664,,
B,simulated,0.0,0.0,A,False,2.170363407253512,503.30940459244107,13.023608071244944,0.4825381210034432,0.3406111111111111,,
B,simulated,0.0,0.0,B,True,0.9384983126121744,789.75367644611,8.885678164977918,0.9914740121331366,0.31866666666666665,,
B,simulated,15.0,0.0,A,False,2.203955826634945,502.46568454556245,13.499597851930545,0.4745014710689768,0.3265,,
B,simulated,15.0,0.0,B,True,0.9425582787092195,781.1428246717392,13.959606138306839,0.9919908466819222,0.3042222222222222,,
B,simulated,30.0,0.0,A,False,2.145922145809225,502.3035411579901,14.724301453479555,0.436591086786552,0.3166111111111111,,
B,simulated,30.0,0.0,B,True,0.9721821631280317,860.7464975824261,8.6200819922784,0.9837372947615325,0.3128888888888889,,
B,simulated,45.0,0.0,A,False,2.127203216697411,489.85814637152816,10.834780672843323,0.42717129071170085,0.35883333333333334,,
B,simulated,45.0,0.0,B,True,0.9577303666762098,890.7028143403325,17.919788832937193,0.9914053075995175,0.34305555555555556,,
B,simulated,60.0,0.0,A,False,2.1064308013569626,446.8351908017742,10.966297378726395,0.4555426292172179,0.32172222222222224,,
B,simulated,60.0,0.0,B,True,0.9528416194642959,789.1853587013145,5.750802312144842,0.9915240152900117,0.298,,
B,simulated,75.0,0.0,A,False,2.1106458000843524,429.26134840721727,16.358605921552666,0.4505046927572162,0.30783333333333335,,
B,simulated,75.0,0.0,B,True,0.958920711278451,759.8935132253212,11.057858701587037,0.9883123782539401,0.278,,
B,simulated,90.0,0.0,A,False,2.1179598062713163,462.7254561463516,15.563541616545152,0.4631288766368022,0.3175,,
B,simulated,90.0,0.0,B,True,0.9699718513786049,791.0722235428257,3.252936278820613,0.9884562370778773,0.30533333333333335,,
B,simulated,-90.0,20.0,A,False,2.22822252870851,411.0415161973285,12.52566176815995,0.4427945935655816,0.29983333333333334,,
B,simulated,-90.0,20.0,B,True,0.8888743002288226,725.469574073436,5.471657578508072,0.9832476679992386,0.31705555555555553,,
B,simulated,-75.0,20.0,A,False,2.1903683112009027,425.8482650044608,14.643926034991367,0.42086459449803504,0.31633333333333336,,
B,simulated,-75.0,20.0,B,True,0.890577657489815,762.4180621206302,9.939991886674225,0.98356555912826,0.32561111111111113,,
B,simulated,-60.0,20.0,A,False,2.1544951646243033,513.5683341260683,16.770332433052914,0.5101214574898786,0.32666666666666666,,
B,simulated,-60.0,20.0,B,True,0.9002208739210422,753.7989489281557,6.814271636137949,0.9875022003168457,0.3111111111111111,,
B,simulated,-45.0,20.0,A,False,2.217902232814153,501.71508474731587,15.075282698301862,0.4646184016996241,0.34833333333333333,,
B,simulated,-45.0,20.0,B,True,0.8806931347390354,769.2249301205632,5.812393683876742,0.9846380127471809,0.3323888888888889,,
B,simulated,-30.0,20.0,A,False,2.2176894547941526,518.3741341734077,10.779279357446768,0.47759262255298496,0.3515,,
B,simulated,-30.0,20.0,B,True,0.8966757133051988,789.3660595404901,4.34522378154054,0.9878660410936742,0.32616666666666666,,
B,simulated,-15.0,20.0,A,False,2.1307562549238086,580.5372928649056,12.559289810572732,0.5126375260184359,0.3808888888888889,,
B,simulated,-15.0,20.0,B,True,0.9163630251559103,854.1474476584533,19.01840874311479,0.9843889384478145,0.3383333333333333,,
B,simulated,0.0,20.0,A,False,2.1459960602996024,612.0701337057244,21.86742090610703,0.4845771144278607,0.3858333333333333,,
B,simulated,0.0,20.0,B,True,0.9426470182065427,930.0138610081752,11.877741330369176,0.9853589196872778,0.36516666666666664,,
B,simulated,15.0,20.0,A,False,2.2252786926933323,598.5957141660355,11.708431152109902,0.4760183511747532,0.37594444444444447,,
B,simulated,15.0,20.0,B,True,0.9479766617370217,920.1445989669289,22.558006637760442,0.9899902683164188,0.36133333333333334,,
B,simulated,30.0,20.0,A,False,2.139957378370842,600.912105308293,11.143914725202512,0.46801480306634946,0.3933888888888889,,
B,simulated,30.0,20.0,B,True,0.9379628417899659,969.8529281112592,23.475393678533834,0.9879725085910653,0.37922222222222224,,
B,simulated,45.0,20.0,A,False,2.1290653279746143,531.3214227415208,11.228943041638146,0.45637487422739687,0.3567222222222222,,
B,simulated,45.0,20.0,B,True,0.9715955648361116,899.336725153124,9.62071366265215,0.9866321690383786,0.33411111111111114,,
B,simulated,60.0,20.0,A,False,2.1168967605360693,500.38411583419577,7.43348658443476,0.4665926043485161,0.31777777777777777,,
B,simulated,60.0,20.0,B,True,0.9582987075858096,817.2663893670515,5.907612487628498,0.9893667671798128,0.31816666666666665,,
B,simulated,75.0,20.0,A,False,2.1208971391913414,455.432041816626,9.913637773786544,0.44638694638694637,0.31144444444444447,,
B,simulated,75.0,20.0,B,True,0.970631010242701,786.4282372733228,3.1804937580998853,0.9865134865134865,0.29988888888888887,,
B,simulated,90.0,20.0,A,False,2.045436315525925,479.5829992467536,7.4344668725541965,0.4769532526969598,0.31555555555555553,,
B,simulated,90.0,20.0,B,True,0.961156306657705,803.6870103686722,6.144609691810828,0.987741091860085,0.3101111111111111,,
raw_preview_95b40cf3-65cc-4b20-999d-b82a85677891.ply,real,,,A,,2.2135444198028598,252.90005215429915,10.780148283454047,0.6013678553981436,0.15511111111111112,,
raw_preview_95b40cf3-65cc-4b20-999d-b82a85677891.ply,real,,,B,,2.0064319384585483,224.68783600403873,6.436587347164263,0.5493404982901807,0.12072222222222222,,
